Name,Term,ES,NES
ACH-000755,OXPHOS,7863.498645923459,0.716506572093362
ACH-000573,OXPHOS,7859.90313928164,0.7161789565808695
ACH-001390,OXPHOS,7854.261832367551,0.7156649317604753
ACH-000248,OXPHOS,7833.848096170657,0.7138048721604604
ACH-000017,OXPHOS,7822.660768816901,0.7127855048363136
ACH-000721,OXPHOS,7805.302580655176,0.7112038607797007
ACH-001393,OXPHOS,7789.199802743307,0.7097366072425242
ACH-000691,OXPHOS,7758.564614053303,0.7069451889410677
ACH-000554,OXPHOS,7750.61783751065,0.7062210942503769
ACH-001396,OXPHOS,7749.643343594713,0.7061323002762601
ACH-000927,OXPHOS,7739.700321865315,0.7052263116398566
ACH-000097,OXPHOS,7723.437373585066,0.703744463692893
ACH-000117,OXPHOS,7682.926426457914,0.7000531856542838
ACH-000876,OXPHOS,7673.806778804517,0.6992222212486089
ACH-000783,OXPHOS,7667.6817951628,0.6986641247535418
ACH-000856,OXPHOS,7660.02630271011,0.6979665712977645
ACH-000212,OXPHOS,7636.265188545442,0.6958015051833231
ACH-001391,OXPHOS,7628.282491524289,0.6950741374890905
ACH-001683,OXPHOS,7621.135713709396,0.6944229371132481
ACH-000930,OXPHOS,7616.007695992759,0.6939556821976913
ACH-000621,OXPHOS,7598.741672658196,0.6923824360193448
ACH-000147,OXPHOS,7596.4244192317165,0.6921712924324963
ACH-001820,OXPHOS,7596.181611129201,0.6921491682344716
ACH-000019,OXPHOS,7589.284602962734,0.691520726379062
ACH-001395,OXPHOS,7587.792632153254,0.6913847809254542
ACH-000277,OXPHOS,7582.937131745435,0.690942357252525
ACH-001819,OXPHOS,7567.3567265649,0.6895227012939754
ACH-000223,OXPHOS,7561.588665249401,0.6889971268611579
ACH-001419,OXPHOS,7553.251832808412,0.6882374910421187
ACH-000934,OXPHOS,7552.3163880386965,0.6881522551496093
ACH-000902,OXPHOS,7544.440019182448,0.6874345758691965
ACH-002921,OXPHOS,7542.403156842804,0.6872489809681837
ACH-000859,OXPHOS,7531.482058476784,0.6862538719071822
ACH-000849,OXPHOS,7526.634527253338,0.6858121743707012
ACH-000725,OXPHOS,7524.170128181173,0.6855876231612491
ACH-000288,OXPHOS,7524.031101773624,0.6855749553476983
ACH-000028,OXPHOS,7517.590049545288,0.6849880593029979
ACH-000352,OXPHOS,7515.569881173749,0.6848039855236131
ACH-000828,OXPHOS,7512.118437122717,0.6844894967118093
ACH-000759,OXPHOS,7509.548985436548,0.6842553733142335
ACH-000910,OXPHOS,7508.207579715821,0.6841331470561743
ACH-000196,OXPHOS,7504.0837376646305,0.6837573906575279
ACH-000857,OXPHOS,7472.805236102582,0.6809073549490512
ACH-000768,OXPHOS,7472.360483819191,0.6808668299933855
ACH-000711,OXPHOS,7458.707325462261,0.6796227809850419
ACH-000349,OXPHOS,7453.899509978544,0.6791847022688612
ACH-000330,OXPHOS,7450.884940539638,0.6789100206147697
ACH-001705,OXPHOS,7445.289517710922,0.6784001766622316
ACH-000044,OXPHOS,7425.6457576608955,0.6766102757783845
ACH-001389,OXPHOS,7423.30959234866,0.6763974089776021
ACH-002499,OXPHOS,7413.257624314634,0.675481493367623
ACH-001394,OXPHOS,7398.365367487675,0.6741245401372247
ACH-000699,OXPHOS,7395.109458980169,0.6738278681405973
ACH-000258,OXPHOS,7389.619328864446,0.6733276182535318
ACH-000818,OXPHOS,7367.186734880033,0.6712836042919771
ACH-001388,OXPHOS,7351.363409304991,0.6698418139035769
ACH-000624,OXPHOS,7350.523564324385,0.6697652888763289
ACH-000536,OXPHOS,7333.097143969015,0.6681774276360707
ACH-001392,OXPHOS,7320.620456271197,0.6670405763264978
ACH-000111,OXPHOS,7299.059798680722,0.6650760114988256
ACH-002399,OXPHOS,7294.9137903947085,0.6646982353563419
ACH-000568,OXPHOS,7275.99282904517,0.6629741944722887
ACH-000668,OXPHOS,7234.11245547046,0.659158136981955
ACH-000643,OXPHOS,7191.5484072135805,0.6552797843956335
ACH-002401,OXPHOS,7182.970033499849,0.6544981398096135
ACH-000276,OXPHOS,7174.534574617246,0.6537295173426736
ACH-000148,OXPHOS,7102.865056391283,0.6471991314241501
ACH-000374,OXPHOS,6978.572784237414,0.6358738633890584
ACH-000642,OXPHOS,6929.365735144111,0.6313902135969967
ACH-001662,OXPHOS,6864.383157779323,0.6254691286130787
ACH-000759,Epithelial,6688.865061676437,0.609476263980969
ACH-000148,EMT,6523.3145778117305,0.5943916286241878
ACH-001683,Epithelial,6461.88354766104,0.5887941536559365
ACH-000755,Epithelial,6386.393988969294,0.5819156931433115
ACH-001392,Epithelial,6336.541125537025,0.5773731980154704
ACH-001393,Epithelial,6253.730760092569,0.5698276799515528
ACH-000828,Epithelial,6045.453044459138,0.5508498230469409
ACH-000277,Epithelial,6029.679163260962,0.5494125379331738
ACH-000117,Epithelial,5810.880080576591,0.5294759947009037
ACH-000876,Epithelial,5789.858110027832,0.5275605139798193
ACH-000374,Basal,5754.287664140689,0.5243194047232366
ACH-000818,Epithelial,5739.953751200372,0.5230133266925783
ACH-000554,Epithelial,5719.855274580204,0.5211819929268021
ACH-002401,Epithelial,5639.201718689643,0.5138329991187793
ACH-001819,Epithelial,5606.459760275597,0.5108496160925696
ACH-002921,Luminal,5547.727893451014,0.5054980835920915
ACH-000934,Epithelial,5540.231911719249,0.5048150644403191
ACH-001396,Epithelial,5532.1177058579,0.504075713918527
ACH-001395,Epithelial,5518.781656356909,0.5028605592471167
ACH-000725,Epithelial,5512.678012753939,0.502304407214521
ACH-002399,Epithelial,5497.138163840375,0.5008884466634654
ACH-000097,Epithelial,5492.478338295758,0.500463852500248
ACH-000876,TamRes,5490.15565200918,0.5002522138818442
ACH-000248,Epithelial,5488.4973021145015,0.5001011082923514
ACH-001419,Epithelial,5449.550856084141,0.4965523845248591
ACH-000568,Epithelial,5444.724941023478,0.49611265661072995
ACH-002921,Epithelial,5443.282860376159,0.49598125705083707
ACH-000668,Epithelial,5436.8587488226185,0.4953959046071943
ACH-001820,Basal,5393.112433353919,0.49140982615158957
ACH-001705,Ferroptosis,5374.924208888677,0.48975255081514485
ACH-000927,Epithelial,5340.562588972183,0.48662158740985384
ACH-000017,Epithelial,5294.480160742309,0.48242264694181636
ACH-001391,Ferroptosis,5286.353075468345,0.48168212287321027
ACH-000859,Epithelial,5255.405143896078,0.47886220805377794
ACH-000643,TamRes,5216.434488982408,0.475311278420325
ACH-000699,Ferroptosis,5202.933601815686,0.4740811040641481
ACH-000857,Epithelial,5202.7274820256625,0.47406232283319216
ACH-000859,Ferroptosis,5201.001578035106,0.4739050618469927
ACH-002401,Ferroptosis,5157.166772841398,0.4699109203812208
ACH-001705,Epithelial,5154.071133382087,0.46962885178589175
ACH-000330,Epithelial,5148.0759366859365,0.4690825812227231
ACH-001419,Ferroptosis,5104.705500223312,0.4651307521248523
ACH-000147,Epithelial,5087.42294478212,0.46355599957337806
ACH-000536,Ferroptosis,5076.886079706346,0.462595901096097
ACH-000028,Epithelial,5062.460409117761,0.46128146228851435
ACH-000818,Luminal,5035.291449140303,0.4588058799482183
ACH-000668,Basal,5026.800834633736,0.4580322318090124
ACH-000930,Basal,5019.770486605343,0.45739164028693485
ACH-000330,Luminal,5008.579930839067,0.45637197879617203
ACH-000857,Ferroptosis,4996.588261111638,0.45527932137268146
ACH-000573,Ferroptosis,4994.896115610201,0.4551251363937922
ACH-001393,Ferroptosis,4989.24659809785,0.45461036343978983
ACH-001388,Ferroptosis,4988.254830880727,0.4545199955563511
ACH-000643,Epithelial,4973.932160283561,0.45321494190594847
ACH-000902,Epithelial,4971.1778936835235,0.4529639785359418
ACH-000148,Glycolysis,4947.687549239368,0.45082358442730935
ACH-000642,Ferroptosis,4931.304787046036,0.4493308192716047
ACH-002401,TamRes,4921.62939927777,0.4484492169167663
ACH-000849,Epithelial,4915.610135370574,0.44790075339653596
ACH-000876,FAO,4911.045784200538,0.44748485867105414
ACH-000668,Ferroptosis,4904.70020058539,0.44690666153912245
ACH-000352,Luminal,4892.468737388444,0.4457921546050527
ACH-000248,FAO,4887.085147902033,0.4453016124911469
ACH-000223,Epithelial,4881.979824667489,0.4448364254522825
ACH-000248,Ferroptosis,4879.2409901720275,0.44458686822537413
ACH-001388,Epithelial,4878.016138718702,0.4444752621635354
ACH-000147,Luminal,4872.8398053295095,0.44400360481866824
ACH-002499,Basal,4868.100481002681,0.44357176688235533
ACH-000148,Hypoxia,4862.477457613955,0.4430594080209286
ACH-000536,Epithelial,4836.099478779883,0.44065589833088104
ACH-000857,Glycolysis,4834.540231500814,0.44051382277732953
ACH-000721,Ferroptosis,4834.023770801668,0.4404667638914788
ACH-000849,Basal,4829.933497275128,0.44009406619095265
ACH-000288,EMT,4810.925376712488,0.43836208353036754
ACH-000910,Epithelial,4774.71035093574,0.4350622414186095
ACH-001393,FAO,4766.1087309959075,0.4342784786820654
ACH-000927,Luminal,4765.5092179185485,0.434223852226422
ACH-002401,Glycolysis,4761.997502346481,0.4339038715918462
ACH-000288,Ferroptosis,4760.160477793881,0.43373648551800015
ACH-000117,TamRes,4758.79858251993,0.4336123922920422
ACH-000624,Ferroptosis,4746.653093146859,0.43250571912416325
ACH-000374,TamRes,4741.310460712992,0.43201890893654665
ACH-000568,Luminal,4707.184288437746,0.42890939905848746
ACH-000642,TamRes,4702.327791170343,0.4284668845536682
ACH-000930,Ferroptosis,4700.837440196448,0.42833108669630165
ACH-002399,Glycolysis,4690.096507646844,0.4273523939910905
ACH-001683,TamRes,4684.59436426826,0.4268510494790775
ACH-000277,FAO,4678.306010863129,0.4262780670516236
ACH-001394,Ferroptosis,4674.86651414345,0.4259646668572176
ACH-000148,Ferroptosis,4671.927530754412,0.4256968724557255
ACH-000668,Glycolysis,4669.897325891072,0.42551188417089464
ACH-000223,TamRes,4669.06414266715,0.42543596614984847
ACH-000759,TamRes,4665.2225854715,0.4250859309935274
ACH-001683,FAO,4661.677348549176,0.42476289595926947
ACH-000212,Ferroptosis,4659.511096615472,0.42456551133224807
ACH-002399,Ferroptosis,4655.657496680593,0.4242143788651508
ACH-001394,TamRes,4646.628559255269,0.42339167979752673
ACH-001705,Glycolysis,4640.528675218815,0.4228358703292575
ACH-000642,Glycolysis,4636.897271627147,0.42250498395710784
ACH-000856,FAO,4636.088679332361,0.4224313066132885
ACH-001395,Ferroptosis,4625.821568003499,0.4214957875682948
ACH-000374,Ferroptosis,4621.146285033816,0.42106978495482567
ACH-000554,FAO,4613.9280983244535,0.4204120779405902
ACH-000223,Basal,4612.857204000184,0.4203145001503588
ACH-000624,Epithelial,4594.599376196245,0.41865088269422146
ACH-000759,FAO,4591.514446457266,0.4183697899476015
ACH-000668,TamRes,4584.756555137568,0.417754024146387
ACH-000691,Ferroptosis,4575.996219356404,0.4169557995337074
ACH-000859,Glycolysis,4567.58328136678,0.41618922912636025
ACH-000196,Basal,4566.33408924739,0.41607540519077474
ACH-000828,Luminal,4549.036950521282,0.4144993238389846
ACH-000927,FAO,4543.09081463075,0.4139575236001895
ACH-000573,FAO,4541.018341634481,0.4137686839259965
ACH-001389,Ferroptosis,4540.8742830242845,0.41375555758801136
ACH-000768,Glycolysis,4533.098689717117,0.4130470607779561
ACH-000019,Epithelial,4523.238282089618,0.4121485997764673
ACH-000828,FAO,4520.891477082907,0.4119347635075945
ACH-000573,Glycolysis,4518.935378718184,0.41175652766155524
ACH-000017,FAO,4516.579252888392,0.4115418420975665
ACH-000849,Ferroptosis,4510.45152006362,0.410983495102332
ACH-000111,Ferroptosis,4504.637117773205,0.41045369817077965
ACH-000759,Ferroptosis,4499.953111230452,0.41002690068244396
ACH-002499,Ferroptosis,4496.861051141979,0.40974515823236457
ACH-000699,Basal,4496.097916225543,0.40967562287569426
ACH-000624,FAO,4493.660776572327,0.4094535554910266
ACH-000783,Epithelial,4489.133717694829,0.4090410587660907
ACH-001389,Glycolysis,4486.009067520268,0.4087563467712936
ACH-002499,TamRes,4479.466315996413,0.40816018408627214
ACH-000859,Basal,4474.010840855008,0.4076630918924895
ACH-000223,Ferroptosis,4472.883665905139,0.40756038592204996
ACH-001390,FAO,4468.805527449287,0.4071887939453616
ACH-001393,Glycolysis,4462.214545175431,0.4065882365690064
ACH-001394,Glycolysis,4459.299851462867,0.4063226553951896
ACH-000374,Glycolysis,4455.796871955301,0.406003470773675
ACH-000691,Epithelial,4455.028036234424,0.4059334159708864
ACH-001390,Ferroptosis,4453.8447780248625,0.40582559980383287
ACH-000352,Epithelial,4453.123680098275,0.4057598947752206
ACH-000699,Glycolysis,4447.459048544621,0.4052437446594213
ACH-000755,FAO,4445.303703486688,0.40504735384552604
ACH-001683,Ferroptosis,4443.08814897529,0.4048454768643338
ACH-002499,Glycolysis,4442.329413886082,0.4047763424112902
ACH-000768,Ferroptosis,4438.00248357326,0.40438208100860856
ACH-000668,FAO,4431.734504813738,0.40381095507889686
ACH-000930,Glycolysis,4430.520814051495,0.40370036595733755
ACH-000349,Epithelial,4429.866329562623,0.40364073061450534
ACH-000934,FAO,4428.989268103331,0.40356081449472087
ACH-001419,Glycolysis,4421.793570122667,0.402905156609332
ACH-002921,FAO,4420.6049618566885,0.40279685295563206
ACH-000876,Ferroptosis,4419.094877843872,0.402659257062466
ACH-001394,Epithelial,4415.714296673681,0.4023512251373645
ACH-000857,FAO,4414.490062386669,0.4022396753105096
ACH-000856,Ferroptosis,4410.833264300671,0.40190647504184873
ACH-000019,FAO,4409.993174376907,0.4018299276958606
ACH-000934,TamRes,4403.095927074688,0.40120146405087037
ACH-000621,EMT,4402.4513291391395,0.40114272955138425
ACH-000117,FAO,4401.710757796014,0.40107525014325485
ACH-000276,Ferroptosis,4400.595637681061,0.40097364258572676
ACH-000147,FAO,4399.830010952719,0.4009038801800434
ACH-000857,Basal,4395.108922764677,0.400473703884926
ACH-000624,TamRes,4386.944308467759,0.39972976024536266
ACH-000930,FAO,4384.492868892232,0.3995063898798238
ACH-000212,FAO,4372.290830987253,0.3983945641206393
ACH-000017,Ferroptosis,4359.635208467902,0.3972414086211151
ACH-000621,TamRes,4359.134250112978,0.39719576227846154
ACH-000930,TamRes,4358.3130131680555,0.3971209327789247
ACH-001395,Luminal,4358.091088718118,0.39710071145835885
ACH-001683,Glycolysis,4357.082914330684,0.3970088485857446
ACH-000223,FAO,4352.255874250466,0.3965690181620404
ACH-000019,Glycolysis,4348.109537635128,0.39619121210283265
ACH-000349,Luminal,4344.531391518129,0.39586517844730845
ACH-000711,Ferroptosis,4343.3150550507125,0.39575434825428335
ACH-000768,FAO,4342.370269603616,0.3956682612575731
ACH-000849,Glycolysis,4336.92364480381,0.39517197548955674
ACH-000248,Glycolysis,4330.4886400853375,0.39458563048209266
ACH-000849,FAO,4328.411145320619,0.394396333234209
ACH-000097,FAO,4327.534947355673,0.39431649579433553
ACH-001388,FAO,4306.134012606952,0.39236648459870205
ACH-000258,FAO,4296.307207406664,0.39147108538446834
ACH-002401,FAO,4293.084687021565,0.3911774556480627
ACH-000725,FAO,4292.599478598637,0.3911332444083186
ACH-000699,EMT,4291.972774171632,0.39107614033023225
ACH-000288,Glycolysis,4290.846321594345,0.39097350018096527
ACH-000711,FAO,4289.615601511388,0.39086135938110605
ACH-001394,Basal,4289.099360801667,0.39081432054026016
ACH-001395,FAO,4270.605561760145,0.3891292018478199
ACH-001819,FAO,4270.209649169841,0.3890931270691876
ACH-001662,Epithelial,4267.505405046633,0.3888467216491488
ACH-000859,FAO,4265.995098688018,0.38870910549626964
ACH-000642,FAO,4265.691312404539,0.3886814250860063
ACH-000642,Epithelial,4259.395527822668,0.38810776554430426
ACH-000818,FAO,4259.031789397455,0.38807462241248436
ACH-000768,Hypoxia,4258.9337907947065,0.38806569297202953
ACH-001820,FAO,4252.072373802224,0.3874404941145801
ACH-000330,FAO,4249.384101212494,0.3871955439893431
ACH-000097,TamRes,4246.623886961215,0.3869440386810218
ACH-000643,FAO,4242.8671025588355,0.3866017278553388
ACH-000554,Glycolysis,4241.355295364658,0.38646397494926715
ACH-000759,Glycolysis,4237.660523070841,0.3861273145452776
ACH-000711,Glycolysis,4236.8296328002725,0.38605160545364325
ACH-001419,FAO,4231.290202401911,0.3855468634215279
ACH-000019,Ferroptosis,4230.021367593357,0.3854312496826356
ACH-001393,TamRes,4220.719229489661,0.3845836571050908
ACH-000554,Ferroptosis,4220.0333047492095,0.3845211569882058
ACH-000643,Ferroptosis,4218.5833797919095,0.3843890426701743
ACH-000721,FAO,4218.456844464683,0.38437751301936085
ACH-001820,Glycolysis,4215.697267403339,0.38412606577053654
ACH-001390,Glycolysis,4213.728974317732,0.3839467187654506
ACH-002921,Glycolysis,4211.684747281675,0.38376045280774684
ACH-001391,FAO,4211.280000686171,0.38372357309188887
ACH-000934,Glycolysis,4210.502147393578,0.38365269662565377
ACH-000097,Luminal,4207.159897353638,0.38334815735795297
ACH-001392,Luminal,4204.73700340128,0.38312738801360396
ACH-000643,Glycolysis,4204.329177041047,0.38309022767562495
ACH-000536,FAO,4204.015832670106,0.38306167635118055
ACH-001396,FAO,4203.733216632156,0.38303592493216365
ACH-000856,Glycolysis,4202.33182989974,0.3829082333219742
ACH-000691,Glycolysis,4199.44293173943,0.3826450025882799
ACH-000028,FAO,4191.778592546061,0.3819466430348452
ACH-000212,Glycolysis,4180.243272400452,0.3808955672901047
ACH-000859,TamRes,4177.647077644271,0.38065900711644685
ACH-000699,FAO,4177.2132876835785,0.3806194810261225
ACH-002399,FAO,4168.51087811495,0.3798265345363049
ACH-000621,Glycolysis,4167.683692374843,0.3797511629942196
ACH-001819,Ferroptosis,4163.625473664968,0.3793813860657114
ACH-001388,Glycolysis,4158.69032880251,0.3789317053463007
ACH-000196,Epithelial,4157.543355438953,0.37882719538324117
ACH-000568,Glycolysis,4143.070309780578,0.3775084398522271
ACH-000028,Glycolysis,4140.706445697182,0.37729304919374884
ACH-001392,Glycolysis,4139.20053180439,0.3771558332737395
ACH-000017,Glycolysis,4138.952308179438,0.37713321562393304
ACH-000374,Epithelial,4136.779571549521,0.3769352401241127
ACH-000258,Ferroptosis,4136.775955750889,0.37693491065963386
ACH-001705,FAO,4136.306225052771,0.3768921097198143
ACH-000759,Luminal,4121.242731016142,0.37551955369075857
ACH-000148,FAO,4118.462276880426,0.3752662041638685
ACH-000277,Ferroptosis,4115.624357595076,0.3750076185252638
ACH-001394,FAO,4112.075916273623,0.3746842915124428
ACH-000857,Hypoxia,4110.475841320826,0.37453849582134596
ACH-000111,FAO,4109.282615572185,0.3744297714316832
ACH-000288,FAO,4107.99127375235,0.37431210689807126
ACH-000755,Glycolysis,4102.745037645775,0.37383408015471276
ACH-000711,Epithelial,4097.027628141572,0.3733131210155853
ACH-000927,Ferroptosis,4084.6998770499595,0.37218984051742554
ACH-000910,FAO,4073.806160845741,0.37119722646529635
ACH-000223,Glycolysis,4067.2183602699297,0.37059695899902595
ACH-000288,Basal,4066.5962839974,0.37054027662929706
ACH-000568,FAO,4063.097973937609,0.37022151747870446
ACH-000691,FAO,4061.809172966323,0.3701040844622283
ACH-000352,FAO,4061.4199408722234,0.3700686183973061
ACH-000768,TamRes,4059.28791795458,0.36987435265108676
ACH-000934,Ferroptosis,4059.0827624813774,0.36985565928678804
ACH-000849,TamRes,4057.3993598294437,0.3697022709391961
ACH-001396,Ferroptosis,4056.5979995635153,0.3696292525636604
ACH-000196,Ferroptosis,4049.940227653713,0.36902260944668797
ACH-000111,TamRes,4040.2933329071493,0.36814360332009705
ACH-000783,FAO,4039.621268323339,0.3680823661134981
ACH-000857,TamRes,4035.7296063633166,0.3677277655093297
ACH-001391,Glycolysis,4029.607921550296,0.36716996959706266
ACH-000349,FAO,4026.9943430702497,0.36693182545258496
ACH-000624,Glycolysis,4024.5939607783166,0.36671310732657647
ACH-000818,Glycolysis,4020.848940301441,0.3663718684067101
ACH-000699,TamRes,4016.6908984577185,0.3659929957900523
ACH-001389,FAO,4006.5338429483654,0.3650675048154539
ACH-000828,Glycolysis,4003.8849183160382,0.3648261399989131
ACH-001395,Glycolysis,3999.3987695467113,0.3644173709227872
ACH-000755,Ferroptosis,3996.976640039813,0.364196671233209
ACH-002399,TamRes,3993.416972823896,0.36387232133890435
ACH-001388,Hypoxia,3992.0479501301998,0.3637475786764399
ACH-001683,Luminal,3986.5879190265714,0.3632500713523162
ACH-000111,Basal,3986.2107136230607,0.36321570113584967
ACH-000621,FAO,3984.2684344602803,0.36303872446838453
ACH-002921,TamRes,3977.798294074828,0.36244917796786513
ACH-000276,TamRes,3969.3648589243803,0.36168073989942956
ACH-000352,Ferroptosis,3964.3557837741446,0.3612243227972134
ACH-000277,Luminal,3961.222112994392,0.36093878886256536
ACH-001820,Ferroptosis,3960.13145417339,0.36083941017016047
ACH-000117,Ferroptosis,3958.5471297231143,0.3606950496339583
ACH-002499,FAO,3958.226789175551,0.36066586083162333
ACH-000876,Glycolysis,3957.5106835200386,0.36060061068895893
ACH-000276,Glycolysis,3957.3459556613725,0.36058560100959663
ACH-000276,FAO,3955.803343411777,0.36044504120730053
ACH-000642,EMT,3954.635013443216,0.3603385852722847
ACH-000642,RPMS,3951.269130341747,0.3600318926063743
ACH-000828,Ferroptosis,3950.7967548343586,0.3599888506767219
ACH-000117,Glycolysis,3938.4271234201588,0.3588617541257177
ACH-000927,Glycolysis,3925.184266959206,0.3576550910213143
ACH-000196,Glycolysis,3918.1749093101444,0.35701641210142804
ACH-000725,Glycolysis,3915.670565288472,0.35678822118653025
ACH-000642,Basal,3907.369067839565,0.35603180502265874
ACH-000148,Mesenchymal,3904.3202954196477,0.3557540068600279
ACH-000902,FAO,3903.306841344027,0.3556616629125824
ACH-002399,Basal,3901.9271927339687,0.3555359520374621
ACH-000768,Basal,3896.8863451938123,0.35507663989739896
ACH-001819,Glycolysis,3895.588805708612,0.35495841064467587
ACH-000699,Hypoxia,3892.0258371908712,0.3546337599422247
ACH-002399,Hypoxia,3890.9452905766466,0.35453530265426586
ACH-000028,Luminal,3885.934533824271,0.3540787323277612
ACH-000910,Glycolysis,3885.0227246909435,0.3539956500680774
ACH-002401,Hypoxia,3883.9751752374195,0.3539001994166766
ACH-000573,EMT,3883.9163568838303,0.3538948400036718
ACH-000044,FAO,3879.4384870346294,0.3534868252865084
ACH-000097,Ferroptosis,3878.345238944228,0.35338721066495477
ACH-000573,Hypoxia,3877.085822762014,0.3532724551328196
ACH-000147,Ferroptosis,3874.3784782492367,0.35302576721136475
ACH-000725,TamRes,3871.6414723009475,0.35277637659808797
ACH-001389,Hypoxia,3866.9479160682167,0.3523487089607336
ACH-000111,Glycolysis,3866.905630656396,0.3523448559969528
ACH-000902,Glycolysis,3861.3186312540747,0.3518357795705049
ACH-000536,Glycolysis,3855.6710669573986,0.3513211845896835
ACH-000288,Hypoxia,3853.496134621113,0.35112300902140575
ACH-000755,TamRes,3850.9571484022163,0.35089166157744867
ACH-001392,FAO,3850.448583916481,0.3508453221790752
ACH-000568,Ferroptosis,3842.7353232170008,0.3501425049939649
ACH-000352,Glycolysis,3842.434334237165,0.3501150794685225
ACH-000856,Basal,3837.999999108715,0.3497110315497191
ACH-002921,Ferroptosis,3835.539915974785,0.34948687360009306
ACH-001392,Ferroptosis,3833.4213541824647,0.3492938344052087
ACH-000044,Luminal,3826.080367059314,0.3486249380581461
ACH-000277,Glycolysis,3825.224241718597,0.34854692959641925
ACH-001390,TamRes,3823.3625369630627,0.3483772947108929
ACH-000721,Glycolysis,3808.334681513952,0.3470079860000255
ACH-000097,Glycolysis,3806.8632490975197,0.3468739119645055
ACH-000276,Epithelial,3804.3419758245946,0.3466441784894409
ACH-000783,Ferroptosis,3804.324009360267,0.3466425414204532
ACH-000783,Basal,3801.9137842459913,0.3464229264357799
ACH-000643,Hypoxia,3801.7197478555972,0.34640524622049623
ACH-001389,Basal,3795.9542624219084,0.3458799064969766
ACH-000642,Hypoxia,3789.830894207458,0.34532195719647335
ACH-000196,FAO,3786.0235204123437,0.3449750367645572
ACH-000783,Luminal,3783.633711460274,0.34475728206053713
ACH-000044,Epithelial,3779.548769480394,0.34438507016008474
ACH-001662,Glycolysis,3770.029596572478,0.34351770179690067
ACH-000147,Glycolysis,3769.707101363363,0.3434883166660315
ACH-000330,Ferroptosis,3765.67334092859,0.3431207683275749
ACH-000910,Ferroptosis,3763.0817922140723,0.34288463149212006
ACH-000019,TamRes,3761.4691900894177,0.3427376943496961
ACH-000902,Ferroptosis,3758.186058560481,0.3424385418447548
ACH-000148,RPMS,3754.5624249382363,0.3421083634569779
ACH-000330,Glycolysis,3752.2163067398815,0.34189458976873544
ACH-000374,Hypoxia,3747.5263589030947,0.3414672509213415
ACH-000212,Hypoxia,3742.79366556851,0.34103601718803495
ACH-000876,Luminal,3735.498977327894,0.340371339504332
ACH-000028,Ferroptosis,3724.6090954132833,0.3393790748251508
ACH-000017,TamRes,3724.085354723673,0.3393313526008489
ACH-001820,Epithelial,3723.520576446699,0.33927989111208307
ACH-001390,Basal,3720.208742278621,0.3389781232789644
ACH-001396,Glycolysis,3704.372745347162,0.3375351783014228
ACH-000349,Glycolysis,3703.8238171665416,0.3374851610423462
ACH-001662,Ferroptosis,3700.2033786504617,0.3371552737863757
ACH-002499,Hypoxia,3698.212425858379,0.33697386207328356
ACH-001662,FAO,3692.260252298309,0.33643151169388325
ACH-000818,Ferroptosis,3691.213932863626,0.3363361731193865
ACH-000349,Ferroptosis,3688.3298734665314,0.336073383284305
ACH-000019,Luminal,3666.719214153114,0.3341042623977183
ACH-000783,Glycolysis,3651.5895080102837,0.3327256732514228
ACH-000536,Basal,3645.887687975048,0.33220613459412834
ACH-000349,TamRes,3642.748045880511,0.3319200565649902
ACH-000277,TamRes,3611.6693181002174,0.32908822385164377
ACH-000276,Basal,3603.299010061979,0.32832553780184676
ACH-000930,Hypoxia,3601.5730288032373,0.32816826977512187
ACH-000568,TamRes,3598.5826577513144,0.32789579303058636
ACH-000028,TamRes,3597.7090304181693,0.32781618982164024
ACH-000374,FAO,3595.3306267735297,0.32759947434686126
ACH-000044,TamRes,3595.0368371038057,0.3275727048084346
ACH-001389,EMT,3593.6447607400805,0.3274458615407776
ACH-000258,Glycolysis,3581.9630189148556,0.3263814441398017
ACH-000725,Luminal,3575.2174878916467,0.3257668045845581
ACH-001394,Hypoxia,3569.9282953881047,0.32528486373856846
ACH-000624,Basal,3549.517937341123,0.32342511194894713
ACH-000725,Ferroptosis,3548.5308669932274,0.3233351720350194
ACH-000934,Luminal,3546.5485025568632,0.3231545428760539
ACH-001419,Basal,3534.4080153824616,0.32204832549870577
ACH-000857,EMT,3533.277892491331,0.3219453509176409
ACH-000621,Ferroptosis,3526.558327463543,0.3213330773329669
ACH-000857,RPMS,3522.7837961398236,0.32098914944262263
ACH-001391,Hypoxia,3522.010814673562,0.3209187168876466
ACH-000668,Hypoxia,3517.261332636035,0.32048595340065966
ACH-001662,Basal,3509.3747493238607,0.3197673433990589
ACH-000755,Luminal,3505.701819238113,0.31943267321422425
ACH-000147,TamRes,3475.321959708923,0.31666452000506434
ACH-000828,TamRes,3474.4435384607714,0.3165844799839863
ACH-000374,EMT,3443.8512523118643,0.31379697087791986
ACH-000573,TamRes,3436.104699287236,0.3130911201614461
ACH-000288,TamRes,3429.3662370991206,0.31247712470459044
ACH-000248,TamRes,3427.9102615491975,0.31234445906842756
ACH-001390,Epithelial,3425.1739720739733,0.3120951337387711
ACH-000859,Hypoxia,3423.404772111191,0.31193392770850903
ACH-002401,RPMS,3423.0028932899877,0.3118973092986201
ACH-000711,TamRes,3418.6710527752857,0.3115026004879747
ACH-001662,TamRes,3418.5514785040014,0.3114917051149243
ACH-000818,TamRes,3418.4303118647476,0.31148066464842805
ACH-000621,Basal,3414.8219721003516,0.3111518798069789
ACH-000276,EMT,3410.560267362718,0.3107635616307662
ACH-000536,TamRes,3395.9557826357486,0.3094328296296441
ACH-001391,Basal,3390.1705288710964,0.3089056886545833
ACH-001705,Hypoxia,3389.276752013491,0.3088242494604924
ACH-000212,EMT,3381.1008132771913,0.30807927396022594
ACH-000643,EMT,3380.318014046392,0.3080079468298031
ACH-000910,Basal,3359.843197410586,0.3061423217000059
ACH-000783,TamRes,3349.82494994865,0.3052294786424114
ACH-001392,TamRes,3348.006470042068,0.30506378232033454
ACH-001819,Luminal,3344.584273375822,0.3047519584728627
ACH-000117,Luminal,3341.2069311458545,0.3044442216736411
ACH-000044,Glycolysis,3330.921117945678,0.30350699855081753
ACH-000643,RPMS,3320.8317342845003,0.3025876737022843
ACH-000691,Basal,3316.511416558511,0.302194014825544
ACH-001391,TamRes,3312.568585998006,0.3018347518388686
ACH-001396,TamRes,3293.0358522331426,0.30005496745234367
ACH-000624,Hypoxia,3286.1313308715435,0.299425841009331
ACH-001390,Hypoxia,3277.1074699969377,0.29860360450705054
ACH-001395,TamRes,3275.800757964029,0.2984845394697725
ACH-000768,EMT,3273.73229564782,0.2982960652408796
ACH-000212,TamRes,3262.434624302192,0.297266643588637
ACH-000711,Hypoxia,3261.3096062076747,0.29716413414662635
ACH-000624,RPMS,3255.2849937858737,0.2966151832802364
ACH-000276,Hypoxia,3250.6417266214376,0.2961920978841413
ACH-001390,RPMS,3248.235794075139,0.29597287402984207
ACH-001394,RPMS,3234.58928668533,0.2947294310445765
ACH-000768,RPMS,3230.1286742439843,0.2943229887885659
ACH-001388,RPMS,3227.309517521191,0.2940661127578579
ACH-000117,Basal,3223.6184603533475,0.29372979086885964
ACH-001391,EMT,3223.2891738919716,0.2936997869324058
ACH-000934,Hypoxia,3197.943664881039,0.2913903538674177
ACH-002499,EMT,3195.420528144521,0.2911604505972057
ACH-000691,TamRes,3185.5188574653566,0.290258229787388
ACH-000554,TamRes,3185.263216908963,0.2902349363213372
ACH-000374,RPMS,3179.9156844968275,0.28974767965731224
ACH-000330,TamRes,3156.6421670494983,0.2876270423993169
ACH-000573,RPMS,3154.4725206700605,0.2874293484770586
ACH-000276,RPMS,3151.6530570477225,0.28717244448226603
ACH-000621,Hypoxia,3136.359423686017,0.2857789186093356
ACH-000856,TamRes,3125.3696124647267,0.28477754856774445
ACH-001819,TamRes,3114.8768220838083,0.2838214660902046
ACH-002399,RPMS,3113.605493370256,0.2837056251115807
ACH-002921,BPMS,-3111.2766767219173,-0.28349342790663806
ACH-000288,RPMS,3105.8449362937663,0.2829984983733707
ACH-001705,RPMS,3105.2701026816103,0.282946120662187
ACH-002499,RPMS,3103.3978563251185,0.2827755252466591
ACH-000568,Hypoxia,3101.4630284105097,0.2825992275223115
ACH-000927,TamRes,3100.53140279306,0.28251433962346517
ACH-000044,Ferroptosis,3091.8567887609643,0.28172392580841454
ACH-000621,RPMS,3082.992337286367,0.2809162143779758
ACH-000927,Basal,3074.8154744430267,0.2801711546748885
ACH-000849,Hypoxia,3057.185809395771,0.27856477417697717
ACH-000876,Hypoxia,3053.2531756924727,0.278206440307929
ACH-001419,Hypoxia,3040.9565518371455,0.2770859960624824
ACH-000699,RPMS,3038.1456093594497,0.27682986849767516
ACH-000148,TamRes,3035.0389321681614,0.2765467941658592
ACH-001820,Hypoxia,3033.6766577877224,0.2764226663964617
ACH-000258,Basal,3030.937394036102,0.2761730700565741
ACH-000196,RPMS,3022.656689603342,0.2754185485115477
ACH-002401,EMT,3021.2667807454836,0.2752919027427737
ACH-000934,Basal,3020.693428165976,0.2752396599803798
ACH-000097,Basal,3019.0549935223844,0.2750903690295017
ACH-002499,Epithelial,3008.356830810866,0.2741155734280424
ACH-000111,Hypoxia,3007.600295046539,0.27404663937316787
ACH-000849,RPMS,3004.7561208456063,0.2737874837989244
ACH-000818,BPMS,-3003.1369356108253,-0.27363994681641873
ACH-000223,Hypoxia,2994.988059483143,0.2728974372079653
ACH-000223,RPMS,2993.895099527832,0.2727978488407159
ACH-000352,TamRes,2992.840194359733,0.2727017279510315
ACH-001389,TamRes,2990.389227983962,0.2724784007025261
ACH-000721,RPMS,2988.5312734603085,0.27230910753077253
ACH-000721,Basal,2980.9922907243727,0.27162217021184815
ACH-000212,Basal,2980.5046481786285,0.27157773717960754
ACH-000711,RPMS,2977.5896149530527,0.27131212507003105
ACH-000668,RPMS,2972.8478484936895,0.27088006461139197
ACH-001394,EMT,2965.2791295221177,0.2701904177850051
ACH-001393,Hypoxia,2963.5991477749812,0.270037341143548
ACH-000828,Hypoxia,2962.62974327146,0.2699490109067074
ACH-000330,Basal,2958.3686583521358,0.2695607492071233
ACH-000019,Hypoxia,2952.9759651397817,0.2690693775795669
ACH-000212,RPMS,2940.7579582017825,0.26795609675341747
ACH-002921,Hypoxia,2926.510215730159,0.26665787040684025
ACH-000691,Hypoxia,2900.6385147584406,0.264300491762529
ACH-000856,RPMS,2897.606663342005,0.2640242354085443
ACH-000934,RPMS,2895.274415852664,0.2638117255920992
ACH-000352,Basal,2893.077906027742,0.2636115839253819
ACH-001820,RPMS,2884.59965287448,0.262839062128442
ACH-000856,Hypoxia,2881.4240804989367,0.262549710202577
ACH-001683,Hypoxia,2866.41396171574,0.2611820176219166
ACH-001395,Mesenchymal,-2858.7064702736106,-0.26047972612021947
ACH-000859,Luminal,2847.3453547166373,0.25944452355588715
ACH-001388,TamRes,2846.4264065729876,0.2593607908035862
ACH-000349,Basal,2845.0690731792074,0.2592371132472011
ACH-000759,Hypoxia,2843.781092590745,0.2591197549823987
ACH-001396,Mesenchymal,-2842.376261791722,-0.25899174955561566
ACH-000755,Hypoxia,2830.639192037861,0.25792229078231005
ACH-000196,Hypoxia,2827.208188876879,0.2576096645043121
ACH-000930,RPMS,2819.924505976953,0.2569459896056655
ACH-000691,RPMS,2818.420819044046,0.2568089766018727
ACH-001390,EMT,2815.8645813504263,0.25657605723737825
ACH-001389,RPMS,2811.6716979047105,0.2561940099222898
ACH-000818,Hypoxia,2805.4927930222693,0.25563100022953633
ACH-000536,RPMS,2804.511537745626,0.25554159017349454
ACH-000721,Hypoxia,2804.4183938318292,0.2555331030827744
ACH-000017,Hypoxia,2800.2200509130416,0.2551505583112086
ACH-000352,Hypoxia,2799.191384841515,0.255056828276535
ACH-000111,Epithelial,2796.060915496835,0.2547715860503711
ACH-000148,Basal,2774.456786125851,0.2528030601593302
ACH-000643,Basal,2756.8700879157022,0.2512005947153351
ACH-000859,RPMS,2753.588733048313,0.25090160409630907
ACH-001393,Mesenchymal,-2747.0530266020014,-0.2503060833449343
ACH-001391,RPMS,2746.6190338187607,0.25026653877381716
ACH-000554,Hypoxia,2734.468576080575,0.24915941289825466
ACH-001662,BPMS,-2734.2200366538173,-0.24913676647320712
ACH-000258,RPMS,2733.2359365104785,0.24904709719849238
ACH-000028,Hypoxia,2732.201007484189,0.24895279649566582
ACH-000621,Mesenchymal,2725.0856013475877,0.24830445464561268
ACH-000028,BPMS,-2721.012656074292,-0.24793333586153227
ACH-000536,Hypoxia,2708.041509175644,0.24675143039947847
ACH-001392,Hypoxia,2704.737407485245,0.24645036713455848
ACH-000117,Hypoxia,2692.062574485328,0.24529546121372708
ACH-000725,Hypoxia,2689.9917250535946,0.24510676947554996
ACH-002399,EMT,2685.3214949200737,0.24468122726660066
ACH-000330,Hypoxia,2685.1017282767807,0.24466120256114365
ACH-000277,Basal,2682.8214227474436,0.2444534255942082
ACH-001683,Basal,2674.028101630003,0.243652195422389
ACH-000349,Hypoxia,2661.861159540309,0.24254356752505166
ACH-001393,Luminal,2653.6315595716806,0.24179370251855375
ACH-001419,TamRes,2651.6783247011626,0.24161572758848956
ACH-000554,Basal,2644.2630286961376,0.24094006036186996
ACH-001395,Hypoxia,2641.3782211776725,0.24067720235943663
ACH-000277,Hypoxia,2640.589712778441,0.24060535502078503
ACH-000902,Basal,2612.9223303882754,0.23808435740791575
ACH-000111,RPMS,2593.9386116940022,0.23635459819771104
ACH-002401,Basal,2591.2214480176863,0.2361070155733352
ACH-000927,Hypoxia,2579.39439642469,0.23502935783135004
ACH-001705,TamRes,2576.5484291538833,0.23477003887609688
ACH-000019,BPMS,-2574.6533615793596,-0.23459736403594653
ACH-001419,RPMS,2568.779769990235,0.2340621738915975
ACH-001819,Hypoxia,2561.234298160467,0.2333746452991717
ACH-000910,TamRes,2561.0056780629748,0.23335381388433438
ACH-000248,Hypoxia,2560.048378301879,0.23326658660787977
ACH-000097,Hypoxia,2557.6026422927425,0.2330437359401226
ACH-000691,BPMS,-2550.411856470818,-0.23238852564100265
ACH-001396,Luminal,2532.107393789529,0.23072065890631702
ACH-000902,Luminal,2531.1096799296865,0.23062974917645826
ACH-000258,Epithelial,2527.80414774376,0.23032855556759177
ACH-000930,Epithelial,2525.1340303332054,0.2300852597066692
ACH-000668,Luminal,2516.4067435372,0.22929004645269055
ACH-001819,Basal,2513.495387106743,0.2290247693654731
ACH-000554,BPMS,-2506.2098951692888,-0.22836092963087543
ACH-000111,EMT,2504.1688908443557,0.22817495732028775
ACH-000783,Hypoxia,2500.821625203971,0.22786996104091264
ACH-000117,BPMS,-2494.5872992390678,-0.22730190148783555
ACH-001683,Mesenchymal,-2493.0484439721713,-0.2271616840144335
ACH-000876,RPMS,2488.0849304631065,0.22670941839959008
ACH-000910,Luminal,2470.9984387631703,0.2251525307916333
ACH-000856,EMT,2464.2531805873787,0.2245379160977112
ACH-000573,Basal,2438.198666151202,0.2221638798491134
ACH-001705,Basal,2435.6209950752927,0.2219290075168671
ACH-000876,Basal,2429.4615726207503,0.22136777302472826
ACH-000934,EMT,2427.7917940623865,0.22121562607781825
ACH-001662,Hypoxia,2412.4649467854233,0.21981907381807972
ACH-000849,Luminal,2398.4306206970523,0.2185402935537209
ACH-000554,Luminal,2387.81515073449,0.21757303275334186
ACH-000624,EMT,2382.346430826532,0.21707473372241098
ACH-000568,BPMS,-2371.3604082384827,-0.2160737088936493
ACH-000759,RPMS,2365.1603322163446,0.21550877012817454
ACH-001705,EMT,2356.530713580889,0.21472245620540573
ACH-000759,Mesenchymal,-2355.3929822645096,-0.21461878835955636
ACH-000755,Mesenchymal,-2345.2545481649067,-0.2136949941312879
ACH-000147,Basal,2339.421530419233,0.21316350099596715
ACH-000196,BPMS,-2331.4563521564614,-0.21243772957663465
ACH-000277,Mesenchymal,-2327.181644437773,-0.212048226594294
ACH-000699,Mesenchymal,2326.0229324812153,0.2119426470336659
ACH-000028,RPMS,2325.2941545182566,0.21187624221520412
ACH-001392,Mesenchymal,-2318.8247664163982,-0.21128676426129017
ACH-001819,Mesenchymal,-2314.3719605646256,-0.21088103332640856
ACH-000910,Hypoxia,2312.178056329436,0.21068112907591674
ACH-000755,BPMS,-2307.9382444603852,-0.21029480573494572
ACH-001419,Luminal,2305.6172955207767,0.2100833254201898
ACH-000725,Basal,2296.863809506038,0.2092857249447908
ACH-000330,BPMS,-2290.5020901605913,-0.20870605755676513
ACH-000288,Mesenchymal,2290.2484849468165,0.2086829495471413
ACH-000044,Mesenchymal,-2281.582649109002,-0.20789333558393486
ACH-000711,Basal,2272.0598058169944,0.20702563278255193
ACH-000725,RPMS,2266.2902016790904,0.20649991777078316
ACH-001819,BPMS,-2259.259546528072,-0.2058592982642944
ACH-002401,Luminal,2240.0692220584806,0.20411071354110702
ACH-000258,Hypoxia,2239.87329306227,0.2040928608752938
ACH-000017,Luminal,2236.1492625301616,0.2037535345180221
ACH-001662,RPMS,2223.046448459949,0.202559631801565
ACH-000721,TamRes,2216.3811260865295,0.20195230070115822
ACH-000044,Basal,2213.4425394295085,0.20168454244910933
ACH-000277,BPMS,-2195.928356457026,-0.2000886844513293
ACH-000902,Hypoxia,2189.4309281762435,0.19949665153131355
ACH-000910,Mesenchymal,-2186.377253204714,-0.19921840665779633
ACH-000097,BPMS,-2186.347095044407,-0.1992156587053854
ACH-001396,Basal,2184.438376418535,0.1990417400082132
ACH-000930,EMT,2182.2500745573743,0.19884234623505365
ACH-001396,Hypoxia,2168.02360381604,0.1975460581268152
ACH-000019,RPMS,2157.527790161217,0.19658970017448738
ACH-000147,Hypoxia,2156.7052269935048,0.19651474983213138
ACH-000147,BPMS,-2156.700667100534,-0.19651433434362825
ACH-001394,BPMS,-2147.639306400969,-0.19568868093085473
ACH-000258,TamRes,2145.648089573917,0.19550724515941406
ACH-000554,RPMS,2134.5155735818535,0.19449287213903044
ACH-000223,EMT,2132.7195688957727,0.19432922371495975
ACH-000044,Hypoxia,2128.604720266452,0.19395428677927326
ACH-000019,Basal,2119.5555515462765,0.19312974427574667
ACH-000248,Luminal,2117.3299568418643,0.19292695245186123
ACH-001395,BPMS,-2116.4332584787007,-0.19284524705591446
ACH-001683,RPMS,2114.7208988418843,0.1926892202046601
ACH-000755,RPMS,2112.873931217833,0.19252092813764712
ACH-000017,Basal,2110.521071687028,0.19230654019241505
ACH-000711,EMT,2109.8045764814487,0.1922412545547127
ACH-001396,RPMS,2108.707529888341,0.19214129382104336
ACH-001393,RPMS,2099.9487705760002,0.19134321285311065
ACH-000828,BPMS,-2097.241196138928,-0.19109650398140507
ACH-001419,BPMS,-2083.206350833826,-0.1898176764070362
ACH-000568,Basal,2079.2747291647265,0.18945943475255902
ACH-000028,Basal,2072.8525470153872,0.18887425811244252
ACH-000828,RPMS,2063.78042048558,0.18804762373833486
ACH-000019,Mesenchymal,-2059.6864134090683,-0.18767458584405888
ACH-000568,RPMS,2057.1484564552356,0.18744333218471554
ACH-000248,RPMS,2040.6595591138139,0.1859408962025047
ACH-001392,BPMS,-2040.318702945222,-0.1859098380570237
ACH-000352,RPMS,2039.0005777805018,0.18578973307756227
ACH-001392,RPMS,2038.8569275265618,0.18577664394819818
ACH-000117,RPMS,2032.9025049293323,0.18523408864094346
ACH-000097,RPMS,2024.0233828053915,0.18442504044971356
ACH-000573,Mesenchymal,2020.4557250743437,0.18409996247534388
ACH-000248,Mesenchymal,-2012.5887411869899,-0.1833831383348878
ACH-000818,Mesenchymal,-2002.1313550377336,-0.18243028182149035
ACH-000352,BPMS,-1999.262306928582,-0.18216885978552105
ACH-000818,RPMS,1994.2192044543826,0.18170934218029106
ACH-000934,BPMS,-1989.126553595971,-0.1812453098234825
ACH-002921,Mesenchymal,-1986.01818438194,-0.18096208131787317
ACH-000759,BPMS,-1978.3955160926862,-0.1802675187354825
ACH-000876,BPMS,-1958.3168702293578,-0.17843799190937082
ACH-001395,RPMS,1957.2067594532164,0.17833684079296927
ACH-000017,RPMS,1954.6351085455244,0.17810251700664215
ACH-000902,Mesenchymal,-1939.2291048210145,-0.17669875216667125
ACH-002921,RPMS,1935.567828639265,0.17636514386270943
ACH-000856,BPMS,-1934.8930256639032,-0.17630365713924373
ACH-000930,BPMS,-1932.3359865173425,-0.1760706647479294
ACH-000554,Mesenchymal,-1925.3394184266872,-0.17543315118751796
ACH-001396,BPMS,-1920.4658756006374,-0.17498908352483025
ACH-000902,RPMS,1915.2753203478915,0.17451613031165278
ACH-000374,Luminal,1910.7948747748524,0.17410788089958562
ACH-000147,RPMS,1902.3917728479173,0.17334220673497688
ACH-000783,RPMS,1882.504952667461,0.17153015868881583
ACH-001683,BPMS,-1877.3383349460291,-0.17105938661653738
ACH-000196,TamRes,1873.9399612856741,0.1707497334746327
ACH-000349,Mesenchymal,-1870.8717212866613,-0.17047016146438101
ACH-001819,RPMS,1867.2703880948284,0.1701420150480802
ACH-001820,BPMS,-1862.963849493036,-0.1697496116981085
ACH-000330,RPMS,1859.250758516704,0.16941128213170087
ACH-000927,RPMS,1857.7501841989542,0.16927455274329567
ACH-000017,Mesenchymal,-1856.7704145678836,-0.16918527805636435
ACH-000902,BPMS,-1854.5083282896157,-0.16897916119184866
ACH-000828,Basal,1851.5118976408412,0.16870613230873416
ACH-000725,Mesenchymal,-1838.379007582992,-0.1675094891272787
ACH-000044,BPMS,-1837.7538590437644,-0.16745252681863465
ACH-000927,BPMS,-1837.1054923583497,-0.16739344891805322
ACH-001705,BPMS,-1827.1451311221845,-0.16648588033980516
ACH-000721,EMT,1823.8243296045712,0.16618329541938667
ACH-001393,BPMS,-1819.1670512863693,-0.1657589333544438
ACH-000258,BPMS,-1813.5559071432635,-0.16524765690657633
ACH-000223,Luminal,1813.076704123925,0.16520399286742743
ACH-000349,RPMS,1812.2233808074889,0.16512623972065682
ACH-000783,BPMS,-1805.9568714088236,-0.16455524767622426
ACH-000856,Epithelial,1805.382892679805,0.1645029478603151
ACH-000768,Epithelial,1798.5774053087953,0.16388284520026636
ACH-000711,BPMS,-1797.3547676301023,-0.16377144085322973
ACH-000910,RPMS,1793.074093394307,0.16338139421355388
ACH-001705,Luminal,1791.1178584187146,0.16320314591980012
ACH-001419,Mesenchymal,-1788.4995486752123,-0.16296457067187686
ACH-001388,BPMS,-1778.6654003710091,-0.16206850236841816
ACH-000849,BPMS,-1774.282822588836,-0.1616691704774837
ACH-000117,Mesenchymal,-1772.8039831240922,-0.16153442152625072
ACH-000352,Mesenchymal,-1766.62552667194,-0.16097145269358554
ACH-000725,BPMS,-1761.6063995242512,-0.16051411967307874
ACH-000828,Mesenchymal,-1759.8802219511726,-0.16035683375857654
ACH-000097,Mesenchymal,-1758.3427555766502,-0.16021674283832327
ACH-000028,Mesenchymal,-1753.9154720586448,-0.15981333744843157
ACH-000277,RPMS,1738.6308227313111,0.15842063018309055
ACH-001389,Luminal,-1735.4872268845838,-0.15813419189580818
ACH-000857,Luminal,1730.8618413645581,0.1577127358400763
ACH-000248,Basal,1730.1088957644006,0.15764412891391863
ACH-000927,Mesenchymal,-1724.2716560887911,-0.1571122510846236
ACH-000902,TamRes,1716.886473974073,0.1564393277766193
ACH-001388,EMT,1705.136974021436,0.1553687363879835
ACH-001388,Basal,1698.627147228497,0.15477557373986017
ACH-000349,BPMS,-1697.6538155448134,-0.1546868856660665
ACH-002401,BPMS,-1689.4586725044774,-0.15394016030728616
ACH-000147,Mesenchymal,-1684.0439613972894,-0.15344678245234136
ACH-000017,BPMS,-1668.1228242048855,-0.151996079661228
ACH-000783,Mesenchymal,-1635.458204092216,-0.14901974354933792
ACH-000044,RPMS,1623.7021142887752,0.14794855170642307
ACH-000624,BPMS,-1621.5544126815776,-0.14775285734876584
ACH-000536,BPMS,-1588.1297524863512,-0.14470726787539795
ACH-000668,EMT,1577.5748444075998,0.1437455253550775
ACH-000248,BPMS,-1567.5858853322243,-0.14283535099781625
ACH-000258,Mesenchymal,-1558.323343779347,-0.14199136638031207
ACH-000536,Luminal,1546.5808295399129,0.14092141151616058
ACH-000258,Luminal,1542.1887399683765,0.140521212929637
ACH-001419,EMT,1539.0130601095607,0.14023185121010703
ACH-000374,BPMS,-1523.8616859462345,-0.13885128771628655
ACH-000568,Mesenchymal,-1511.9980706855367,-0.13777029836462135
ACH-001662,Luminal,1504.6401534510696,0.13709985937902455
ACH-000621,BPMS,-1496.3281800806353,-0.13634248866973236
ACH-001388,Mesenchymal,-1458.0885730696973,-0.13285817068720068
ACH-002399,Luminal,1454.8196003765406,0.13256030830760268
ACH-000223,BPMS,-1435.9653320291563,-0.13084234435908518
ACH-000876,EMT,1421.3065266027788,0.12950666276238493
ACH-000148,BPMS,1418.2324887734158,0.12922656246520434
ACH-000849,EMT,1404.8835738223952,0.1280102355192234
ACH-000910,BPMS,-1398.4323269349998,-0.12742241055718667
ACH-000859,EMT,1395.3236216855985,0.12713915143269355
ACH-000876,Mesenchymal,-1354.758683019396,-0.12344295379095223
ACH-001705,Mesenchymal,-1296.1494703844328,-0.11810259729964177
ACH-001662,EMT,1283.3973565983233,0.11694064970516148
ACH-000330,Mesenchymal,-1280.2977658156397,-0.11665822107299732
ACH-000624,Luminal,1279.5679651958362,0.11659172307204986
ACH-000573,BPMS,-1278.750976054851,-0.1165172806240756
ACH-000111,BPMS,-1271.500989037304,-0.11585667602813572
ACH-000212,Epithelial,1258.47727707175,0.11466998094029363
ACH-000643,Luminal,1250.0883675204113,0.1139055999571104
ACH-001662,Mesenchymal,-1247.1422780201901,-0.11363715806070618
ACH-001820,TamRes,1237.6546304878448,0.11277266222790598
ACH-002921,Basal,1225.0306533393941,0.11162239019250474
ACH-000536,Mesenchymal,-1201.4086615939123,-0.10947000064000609
ACH-000536,EMT,1180.0969534425058,0.10752811959689883
ACH-000111,Luminal,1179.412992796877,0.10746579844448147
ACH-000668,BPMS,-1170.7181700669935,-0.10667354325252847
ACH-001389,BPMS,-1165.0755987921511,-0.10615940322606256
ACH-000643,BPMS,-1158.2175326788401,-0.10553450969415033
ACH-000721,BPMS,-1149.110888983827,-0.1047047301836557
ACH-000668,Mesenchymal,-1148.4616168158336,-0.10464556977727785
ACH-000859,Mesenchymal,-1130.2715299781958,-0.10298812474511355
ACH-000573,Luminal,-1112.091944174088,-0.10133163654652638
ACH-002499,Mesenchymal,1111.499105387038,0.10127761823912408
ACH-000849,Mesenchymal,-1110.211522258318,-0.10116029619007372
ACH-001393,Basal,1093.7141520927507,0.09965708818074649
ACH-000759,Basal,1083.0221397168352,0.09868285298580327
ACH-000196,Luminal,1078.6410111646492,0.09828365314586249
ACH-001389,Mesenchymal,1067.911263664917,0.09730597960045584
ACH-000330,EMT,1045.3060896645893,0.09524624048637265
ACH-000276,Mesenchymal,1036.3402754184408,0.09442929307901675
ACH-001683,EMT,1029.0820761010236,0.09376794019442143
ACH-000859,BPMS,-1024.6303176324582,-0.09336230469504317
ACH-002499,BPMS,-1001.283285875701,-0.09123496895737364
ACH-000568,EMT,991.737532373143,0.09036517862254452
ACH-001390,BPMS,-988.4740261479074,-0.09006781433678081
ACH-000818,Basal,986.8551569962474,0.08992030615514911
ACH-001820,EMT,942.9024958773698,0.08591542588865421
ACH-000755,Basal,921.0458954448459,0.08392389532971647
ACH-000223,Mesenchymal,-909.8028151726321,-0.0828994479090012
ACH-001392,Basal,891.624810079782,0.08124310374172321
ACH-000691,EMT,871.0383830787887,0.07936730889437765
ACH-000111,Mesenchymal,870.7920780679833,0.07934486606492883
ACH-000691,Mesenchymal,-870.2828895774346,-0.07929846980846077
ACH-000148,Epithelial,-867.1168545426426,-0.07900998690637719
ACH-001391,Mesenchymal,853.9917856784468,0.07781405637674589
ACH-000624,Mesenchymal,-841.4586144291407,-0.0766720583967558
ACH-000028,EMT,814.7692345213127,0.0742401744516916
ACH-000699,BPMS,-810.4697361328381,-0.07384841259214783
ACH-000621,Epithelial,-808.5876291981003,-0.07367691870007205
ACH-000019,EMT,804.3794086481248,0.0732934738981277
ACH-000212,Mesenchymal,798.569853316867,0.07276411861198619
ACH-000196,Mesenchymal,-777.0182695516232,-0.07080038057347034
ACH-002499,Luminal,773.2805265981897,0.07045980476726489
ACH-000768,BPMS,-767.2678057133944,-0.06991193743440126
ACH-002921,EMT,761.1953280369526,0.0693586251798978
ACH-001394,Luminal,755.020471152533,0.06879598433278375
ACH-000768,Mesenchymal,745.2060609420896,0.0679017145257115
ACH-001819,EMT,736.0901474110178,0.06707109036593832
ACH-000349,EMT,712.8865279237089,0.06495682207295281
ACH-000276,Luminal,710.998517975966,0.06478479030991095
ACH-000117,EMT,697.6407730555347,0.06356765879443757
ACH-000856,Mesenchymal,687.0508658688013,0.06260272722404978
ACH-000374,Mesenchymal,684.4753880719381,0.06236805473908793
ACH-000642,BPMS,-665.7534622375533,-0.06066214958076054
ACH-001389,Epithelial,-641.5169660665124,-0.058453767590376536
ACH-001395,Basal,636.5475610913381,0.05800096515669752
ACH-000759,EMT,628.8590507864374,0.05730040317899249
ACH-000828,EMT,596.1051723776527,0.054315934026243615
ACH-000930,Mesenchymal,586.5235923486725,0.05344287924860188
ACH-000691,Luminal,582.4400318004773,0.05307079322149486
ACH-001820,Luminal,564.5747078262648,0.051442939944412354
ACH-002401,Mesenchymal,-554.1362821481598,-0.05049181107195459
ACH-000711,Luminal,546.5909799188612,0.04980429793319087
ACH-000818,EMT,537.8917481262124,0.04901164099608722
ACH-001391,BPMS,-516.7816634692063,-0.047088131490298286
ACH-000212,BPMS,-512.9192702866385,-0.04673619779971985
ACH-000017,EMT,512.1289349075741,0.04666418399024955
ACH-000768,Luminal,511.5800863516888,0.046614173986422605
ACH-001391,Epithelial,500.3400346084145,0.04559000251932373
ACH-000288,Epithelial,-473.3210139559087,-0.04312808235620615
ACH-001390,Mesenchymal,447.64303053793265,0.04078835487540825
ACH-000352,EMT,440.37255343555626,0.040125883263130734
ACH-002399,Mesenchymal,-429.9541148253302,-0.03917657557309277
ACH-000721,Epithelial,-428.3707493022757,-0.03903230241245801
ACH-000258,EMT,419.9558476210732,0.03826555307738605
ACH-001820,Mesenchymal,-405.9437073755271,-0.036988794343507145
ACH-000643,Mesenchymal,402.4096809274961,0.03666678078567705
ACH-001394,Mesenchymal,-398.2611080230745,-0.036288770960194665
ACH-000554,EMT,395.1115893596234,0.036001792997470236
ACH-000276,BPMS,-388.83117397832757,-0.03542953386717744
ACH-000212,Luminal,383.6588660838097,0.034958243317488896
ACH-000711,Mesenchymal,-378.65624562520316,-0.03450241435411284
ACH-000725,EMT,376.01868182929684,0.034262084714702004
ACH-001390,Luminal,372.65211449894014,0.03395532970319756
ACH-000721,Mesenchymal,372.04161211606333,0.03389970192359126
ACH-001395,EMT,368.8895570195127,0.033612492846058106
ACH-000196,EMT,364.5395643984248,0.033216130051084786
ACH-000621,Luminal,-346.4264638587538,-0.03156569985937996
ACH-000934,Mesenchymal,-339.9237006790154,-0.03097318083383594
ACH-000642,Mesenchymal,339.4513950022156,0.030930145267009778
ACH-000097,EMT,338.3765312311407,0.03083220578857171
ACH-000248,EMT,333.4678912699128,0.030384940143770817
ACH-000721,Luminal,314.2391497428325,0.028632854933661446
ACH-000927,EMT,281.8562230146217,0.02568218617041198
ACH-000642,Luminal,277.67096406020755,0.025300833584015216
ACH-000856,Luminal,262.80112426901724,0.02394592294994439
ACH-002399,BPMS,-259.9874773987067,-0.02368954896618685
ACH-000902,EMT,-248.32360613723904,-0.02262675989592676
ACH-000755,EMT,221.27101635828512,0.020161780979854233
ACH-000277,EMT,-213.3513140750656,-0.019440153242575822
ACH-000783,EMT,211.0160864634854,0.01922737188323795
ACH-000573,Epithelial,-201.01355658960165,-0.018315960981436206
ACH-001393,EMT,193.6824448335865,0.017647964458456084
ACH-000044,EMT,-192.12553845290313,-0.017506102202973658
ACH-000699,Epithelial,182.6017474848577,0.016638313051209063
ACH-000288,BPMS,171.26007437020235,0.015604882044083758
ACH-000857,Mesenchymal,171.1500991879093,0.01559486132119332
ACH-000148,Luminal,-160.72684622076486,-0.014645114956396485
ACH-001391,Luminal,-147.81347953727345,-0.013468474314209859
ACH-000930,Luminal,-124.5429002430028,-0.011348104774957964
ACH-001388,Luminal,110.10850120689247,0.010032870648357999
ACH-000699,Luminal,-71.28301908606227,-0.006495168875027148
ACH-000910,EMT,71.20977618882353,0.006488495125899218
ACH-001396,EMT,47.817946493743875,0.004357077487962439
ACH-001392,EMT,44.570399050908236,0.004061167335147315
ACH-000857,BPMS,-35.44319019050636,-0.0032295139671217506
ACH-000288,Luminal,-26.760639436979545,-0.0024383769735824646
ACH-000147,EMT,24.539658237974436,0.0022360055232601666
